0,1,2,3,4,5,6,7,8,9,10,11,12,13,14,15,16,17,18,19,20,21,22,23,24,25,26,27,28,29,30,31,32,33,34,35,36,37,38,39,40,41,42,43,44,45,46,47,48,49
0.009141512,-0.031199522,0.022513537,0.028216941,-0.058531057,-0.039065383,0.0038352122,-0.009487278,-0.00050403463,-0.025591316,0.026381962,0.02333401,0.0019828372,0.033819117,0.013824003,-0.028925428,-0.014338592,-0.15267555,-0.35089558,-0.7198655,-0.84110093,-0.55170983,-0.012053955,0.26002884,0.32096675,0.25502548,0.18007872,0.09331436,0.04624451,0.024350815,0.06741381,-0.0114731835,-0.015233097,-0.024392635,0.018481964,0.033869434,-0.0034184011,-0.025204692,-0.024734436,0.019517783,0.022297624,0.016294628,-0.019965291,0.0069648395,0.0035005743,0.006560658,0.026142864,0.0067078667,0.020367406,0.0020273721
0.0061089955,-0.033838592,-0.0148020405,0.004242584,-0.06976114,0.0071047833,0.057087224,-0.013603149,0.007794236,0.030747652,-0.0049185827,-0.017428555,-0.06827018,0.019231603,-0.00359633,-0.03352717,-0.021603214,-0.14141949,-0.39310187,-0.700179,-0.87570655,-0.4998625,-0.09066078,0.24478367,0.39150497,0.2994101,0.16703756,0.05413513,0.017984362,0.013624445,0.004290081,-0.0020068611,-0.00079079036,-0.006410707,-0.043256782,-0.015495056,0.027438745,-0.041050028,-0.0056866654,-0.024592618,0.003340513,-0.011658995,0.04432181,0.015197495,-0.039354093,0.02013684,-0.023239555,-0.017309891,0.00941457,-0.014752422
0.003453941,0.028332476,0.0040980685,0.03685183,0.00023982089,-0.0034600499,0.031929366,-0.029353226,0.08443342,0.011257726,0.0114249,0.015753131,0.05631601,0.023777103,-0.048352957,0.038957454,-0.035628013,-0.12069443,-0.4156267,-0.70258164,-0.8550963,-0.52827686,-0.057253167,0.32241508,0.39328438,0.26698488,0.16602877,0.07114775,0.06704272,0.0015585888,-0.009475734,0.030077051,-0.016014788,-0.0011121047,-0.04743674,0.021125976,0.05822603,0.021636764,0.043853976,-0.025383065,0.0070897285,-0.028294798,-0.0068329666,0.023166344,0.0030546184,-0.04237923,-0.039450873,-0.041434918,0.014743578,0.061916836
-0.028097935,0.000357886,0.00039161777,-0.041013416,-0.016185824,-0.009698478,0.012404386,0.013840503,-0.017439555,0.01406609,-0.0054623457,-0.086088344,-0.014539144,0.03237154,-0.05065545,0.00023408188,0.022156723,-0.14672747,-0.37718463,-0.7574882,-0.78673816,-0.53378195,-0.04733139,0.30529374,0.35366094,0.2393206,0.1446911,0.09719898,0.0151389,-0.052091118,0.0015671601,-0.043687113,0.048622638,0.0053241756,-0.02715267,-0.020958707,-0.056681905,-0.03298386,0.030489696,0.066953585,0.021791896,-0.0027612762,-0.012958781,-0.028694874,0.061792977,-0.0056624613,0.063468896,0.041805584,-0.052223895,-0.019978572
-0.0031052595,0.053225465,-0.023711659,0.02228482,-0.0017900544,-0.009832272,0.01896946,-0.008975204,-0.07985896,-0.09188604,0.03817269,0.036908004,0.056622144,-0.0005239657,-0.03898032,-0.01573417,-0.02505838,-0.15412022,-0.32779184,-0.6511826,-0.8212066,-0.53160787,-0.087579206,0.31105772,0.3361058,0.25691456,0.17854466,0.06477969,0.038268786,-0.03184782,0.035777,-0.0024130645,0.03489821,-0.006013539,-0.004083409,-0.036369257,0.022792732,-0.026275197,-0.014592671,3.1415588e-05,0.0036367255,-0.051182907,-0.006924176,0.023856906,-0.011350141,-0.0067419526,0.0048721815,-0.003778813,-0.030915465,-0.0010903837
-0.009164726,0.028276654,0.040733326,-0.031050067,-0.010573517,0.027452355,-0.0038864592,-0.014801564,0.030286266,0.033103596,-0.013489241,0.0063712467,-0.036252327,-0.026862547,0.0035236792,-0.0022044505,-0.054407395,-0.14538829,-0.40920043,-0.7047159,-0.89458424,-0.5616293,-0.104618445,0.27723533,0.27973458,0.26654136,0.21329516,0.13255405,-0.020314697,0.020378474,-0.026504755,-0.03507481,-0.0032699136,0.03686928,0.017992347,-0.021453962,0.021151042,-0.06731125,-0.022588374,-0.024716746,0.0023496207,-0.006084839,-0.004244133,-0.005241586,0.0006722172,0.016203929,0.0044799307,-0.008530554,0.0120524485,0.024783706
-0.009833994,0.013041236,0.00080676185,-0.0377984,-0.0490723,0.007887246,0.041493434,0.0023804365,0.024398921,0.030384276,0.008003778,-0.024434494,0.005861159,0.03621407,0.01569544,0.019300707,-0.0392775,-0.12997968,-0.38081092,-0.7199078,-0.8005163,-0.60169715,-0.047814045,0.2622798,0.29267156,0.2857425,0.14237443,0.07164006,0.08932599,0.041725393,0.020398993,0.012142575,-0.004806216,0.06000186,0.02406761,-0.02248623,-0.042003047,0.017005142,-0.0016760738,-0.042868145,0.012857585,-0.008070814,0.015919948,0.013252206,-0.018247921,0.018985342,-0.014937152,-0.012986456,-0.015968142,0.033929233
0.039162185,-0.0105009815,-0.023740562,0.0100889765,0.019491564,0.019018589,0.0005925127,0.004775704,0.0069611124,0.01009189,0.012746578,0.032833833,0.0016943621,-0.024502216,-0.0045300284,0.01946677,-0.07899696,-0.17733164,-0.3497008,-0.672764,-0.8735111,-0.52826816,-0.060716547,0.2568398,0.34298253,0.22680336,0.13089292,0.073313504,0.029501263,-0.022352468,0.026853815,-0.011807562,-0.012520343,0.00850031,-0.0038646662,0.02512457,-0.028002653,-0.041921597,-0.009293627,0.0018070852,-0.03722268,-0.041632608,0.0054689334,-0.022733416,-0.04357535,0.02896024,-0.01895384,0.034494348,0.00085412373,0.008842766
0.055627663,0.0028058784,0.030576475,0.01196888,-0.011493408,-0.057743292,0.04879477,-0.031473067,0.041483127,0.01610423,-0.02928036,0.009360203,0.063989244,0.04607146,-0.0155826695,-0.024506077,-0.022394875,-0.1288745,-0.34125698,-0.69618005,-0.8863223,-0.5175217,-0.054102924,0.26577795,0.34128487,0.30155134,0.19344322,0.059858754,0.03210417,-0.0020294562,-0.047290996,-0.0025618486,0.05547682,-0.051340755,-0.0007192717,-0.001683878,0.008632086,-0.028881747,-0.042753316,-0.04135793,0.03992801,-0.029480578,-0.014986866,0.06313898,-0.02202767,0.010271988,0.03191435,0.030471606,-0.03994729,-0.021400573
-0.030781213,0.005094447,-0.042655837,0.018621473,-0.023561882,-0.03407886,0.0058303038,-0.021022037,-0.017224774,0.00515369,0.023999706,-0.024551762,-0.029733857,0.00070639176,0.0159763,0.040736,-0.057541,-0.1334481,-0.3419755,-0.65917486,-0.8653478,-0.5534463,-0.037297193,0.24733241,0.31103963,0.2729236,0.21059203,0.04306657,0.078812554,-0.005816891,0.013538141,0.04844479,0.009893892,-0.008904185,0.02154785,-0.00519472,0.015640553,-0.0061404286,0.025834586,-0.041826952,-0.030405648,-0.04226785,-0.0016928829,-0.045886148,-0.020754946,-0.033225257,0.044390287,-0.02972041,-0.03859637,0.007450156
-0.012770718,0.04399822,0.030068295,-0.002748462,-0.027811635,0.04614968,0.0038265698,-0.0047806827,0.043970246,-0.021889068,-0.025327038,-0.041466273,-0.10901904,-0.11911127,-0.24151045,-0.35892206,-0.5122353,-0.6656385,-0.8093367,-0.8605625,-0.8793984,-0.7941203,-0.57057214,-0.44307974,-0.20307091,0.00086102076,0.14005111,0.26568785,0.3272513,0.3622279,0.33752772,0.31775662,0.2969368,0.19398946,0.25272676,0.22916795,0.13035095,0.11198307,0.09762642,0.004802428,0.057196118,0.005854157,0.08014792,0.0011041667,0.03109316,-0.003237855,0.06702144,-0.014797746,0.035234965,0.018934522
-0.009753509,-0.0027315854,0.07678594,-0.022766815,0.006779373,0.02336555,-0.02914634,-0.048703395,-0.020552278,0.016193291,-0.026019333,-0.04147668,-0.042198874,-0.15277362,-0.22130276,-0.38721564,-0.4814807,-0.6411412,-0.7603032,-0.9023366,-0.8804872,-0.83391464,-0.648569,-0.39395925,-0.23084192,-0.06167906,0.12154043,0.20914534,0.28775716,0.37628075,0.31173474,0.3419528,0.29720142,0.2372007,0.21466509,0.13621236,0.15046577,0.07106878,0.053603683,0.02938199,0.050031986,0.03498067,-0.06722484,0.0143792415,-0.048490092,-0.008125118,-0.0021245657,-0.009988986,0.015306881,0.021736482
0.007110629,0.014423729,0.043014474,0.03641874,-0.0831139,-0.025761649,-0.002374756,-0.03133427,-0.113522075,-0.02835916,-0.015867548,-0.050302044,-0.09943026,-0.1273394,-0.20834745,-0.35585833,-0.44994992,-0.64629495,-0.8103147,-0.90171504,-0.88111967,-0.7621579,-0.6658964,-0.42053652,-0.21838263,0.03909552,0.15364435,0.2365271,0.34872144,0.37925178,0.3432129,0.2976631,0.31251022,0.255052,0.16234809,0.17197783,0.10613066,0.04655093,0.0546312,0.08303008,0.06558962,0.047049914,0.019503184,0.024625871,0.0068070297,-0.031036993,-0.026044402,-0.017642668,0.042323075,0.032434907
-0.03883548,0.00984705,-0.046059106,-0.021592783,-0.013025351,0.03597623,-0.016279407,-0.03312479,0.008411019,-0.013099812,0.007957587,-0.0648999,-0.063196346,-0.054496326,-0.22581847,-0.3361985,-0.54093343,-0.6736158,-0.7703777,-0.87787586,-0.8562976,-0.78281236,-0.68072665,-0.4079537,-0.2584999,-0.043649126,0.14882135,0.30448458,0.29651406,0.36058167,0.35980383,0.35230374,0.33195007,0.2410243,0.23820007,0.20425186,0.17875922,0.10707669,0.0699178,0.030304987,-0.0144218225,0.010308744,0.01479633,0.0034671845,0.021779232,-0.041510664,-0.0043385727,0.060415845,0.030150266,0.01861989
0.014614483,0.028478341,0.0016070419,-0.010397668,0.014573726,0.017935475,0.026416477,-0.052247442,-0.008025279,-0.038551655,0.0010697152,-0.012742229,-0.07775434,-0.15046136,-0.2007312,-0.3457977,-0.44830826,-0.5948378,-0.754148,-0.8609992,-0.81996334,-0.78833896,-0.65556157,-0.45867312,-0.24232438,-0.02089256,0.15582941,0.21501918,0.31316257,0.36253667,0.374432,0.33180526,0.3037644,0.21599089,0.18049099,0.16251636,0.14055698,0.09895809,0.039729957,0.03744566,0.074702926,0.034975097,0.006550206,-0.02402315,-0.017553441,0.0023122441,0.009399068,0.017539663,0.011921871,-0.010972906
0.003555029,0.00020315533,-0.004290352,-0.011480987,-0.010898368,0.0051638624,0.008803477,0.006701526,0.03366029,-0.04262896,-0.07010974,-0.004034551,-0.09782772,-0.1399676,-0.23700309,-0.36080578,-0.5348502,-0.66511226,-0.7646894,-0.8680969,-0.85959536,-0.810443,-0.6141004,-0.45366377,-0.28447604,-0.011202754,0.16495836,0.24069671,0.36260653,0.33063036,0.37524503,0.38492623,0.2975311,0.24635206,0.20467444,0.21319106,0.13732392,0.15634507,0.07357223,0.024928622,0.011842571,0.020495567,-0.04981348,-0.007497742,-0.009736243,0.0093082255,0.059375204,0.0022172548,-0.05739747,-0.027283045
-0.06379845,-0.014055873,-0.018477572,-0.009974069,0.0078155855,0.011811559,0.018918173,0.021773933,-0.0076651024,0.056670524,0.025853481,-0.04390315,-0.07362817,-0.13857476,-0.20774114,-0.37095857,-0.5147884,-0.7130474,-0.7961291,-0.83603615,-0.8792936,-0.7984454,-0.632841,-0.46848002,-0.22046074,0.0060084164,0.1511337,0.28681883,0.36455432,0.37602884,0.3337222,0.3222589,0.3543738,0.2625716,0.21327329,0.13854343,0.12249661,0.1135102,0.06564006,0.028961174,0.020726195,0.05440211,0.031459622,0.022773162,0.017074157,-0.033376366,0.009291127,0.032612983,-0.007545342,0.029457027
0.089567974,-0.0147607215,-0.03591835,-0.007968691,0.032952394,0.037091363,0.06788537,-0.0019798246,0.012122362,-0.027943695,-0.09096878,-0.035733085,-0.10413459,-0.10928261,-0.2750819,-0.3639804,-0.48307186,-0.63685554,-0.7855925,-0.81195855,-0.8276467,-0.81609035,-0.5929035,-0.38554686,-0.2249364,-0.019339375,0.14041516,0.23812391,0.31026033,0.39573082,0.3682445,0.31595728,0.26864928,0.23040324,0.20292893,0.19173731,0.09943801,0.11907007,0.071103394,0.04882778,0.060121663,0.043948114,-0.03070934,-0.025768455,-0.0030378029,0.012793718,0.042057928,0.002524786,0.051393192,-0.02106608
-0.034553904,-0.056918256,-0.01786457,-0.041470833,-0.025084486,-0.0127746705,-0.0046569295,-0.020855835,0.0632167,-0.044423696,0.020517144,-0.039420545,-0.089247756,-0.11095604,-0.23222643,-0.36600935,-0.43740794,-0.7138602,-0.7915155,-0.8622768,-0.8324899,-0.8075135,-0.5613553,-0.41563934,-0.29223812,-0.06431195,0.14904483,0.2231579,0.34306535,0.34253925,0.31924242,0.30364528,0.32198656,0.19245794,0.23920283,0.19657832,0.11529824,0.049885713,0.081870615,0.029951742,-0.01610575,0.07592156,-0.015106201,-0.037412573,0.012399217,7.911003e-05,0.04570631,-0.010842848,-0.010816385,0.010191032
0.03569081,0.070482805,-0.012847535,-0.025956508,0.01565112,0.056023553,0.045708388,-0.031928036,-0.0067346096,0.018920414,0.011832105,-0.016787644,-0.08298442,-0.11109437,-0.19075958,-0.36976102,-0.45119518,-0.6182676,-0.80642813,-0.84023166,-0.85033715,-0.77002597,-0.5939066,-0.43872675,-0.21127369,-0.09986331,0.1754115,0.28806147,0.3673114,0.32805073,0.3839846,0.36314544,0.27690166,0.2848255,0.2217358,0.11340186,0.14277487,0.069002785,0.014916733,0.05553912,0.027387857,0.060761757,0.01687777,0.030107532,0.019111972,0.032743253,-0.025471566,0.006528859,-0.0039397734,0.019744687
